frame,track_id,class_id,class_name,is_vehicle,conf,x1,y1,x2,y2,cx,cy,w,h
0,1,3,Car,True,0.599,1476.2,410.5,1749.7,665.6,1612.9,538.0,273.4,255.1
1,1,3,Car,True,0.595,1476.2,410.4,1749.6,665.5,1612.9,537.9,273.4,255.1
2,1,3,Car,True,0.294,1469.5,409.0,1746.9,668.0,1608.2,538.5,277.5,258.9
3,1,3,Car,True,0.494,1461.9,409.4,1742.5,671.0,1602.2,540.2,280.7,261.7
4,1,3,Car,True,0.382,1453.7,408.1,1737.0,672.0,1595.4,540.0,283.3,264.0
7,1,3,Car,True,0.448,1434.8,403.4,1727.8,675.9,1581.3,539.6,293.1,272.5
9,1,3,Car,True,0.511,1421.7,399.7,1715.6,671.5,1568.6,535.6,293.9,271.7
10,1,3,Car,True,0.361,1411.3,395.9,1713.7,674.1,1562.5,535.0,302.4,278.2
11,1,3,Car,True,0.421,1403.3,394.4,1709.2,674.8,1556.3,534.6,305.9,280.4
12,1,3,Car,True,0.377,1397.6,394.8,1701.7,672.4,1549.6,533.6,304.1,277.6
39,2,3,Car,True,0.349,1224.8,395.6,1662.3,942.2,1443.5,668.9,437.5,546.6
40,2,3,Car,True,0.524,1224.7,396.5,1659.4,939.4,1442.1,668.0,434.7,542.9
41,2,3,Car,True,0.607,1220.9,393.6,1656.5,937.4,1438.7,665.5,435.6,543.8
42,2,3,Car,True,0.678,1220.6,394.9,1655.9,937.9,1438.2,666.4,435.4,543.0
43,2,3,Car,True,0.72,1218.1,392.5,1656.5,938.7,1437.3,665.6,438.4,546.2
44,2,3,Car,True,0.665,1218.2,394.9,1653.4,935.9,1435.8,665.4,435.2,541.0
45,2,3,Car,True,0.665,1217.4,398.5,1653.1,938.7,1435.3,668.6,435.7,540.2
46,2,3,Car,True,0.667,1214.8,399.9,1649.8,936.7,1432.3,668.3,435.0,536.9
47,2,3,Car,True,0.615,1220.3,401.6,1643.1,919.4,1431.7,660.5,422.8,517.7
48,2,3,Car,True,0.493,1210.3,402.2,1643.3,928.8,1426.8,665.5,433.0,526.6
49,2,3,Car,True,0.533,1206.5,402.7,1645.9,934.1,1426.2,668.4,439.3,531.4
50,2,3,Car,True,0.636,1203.7,401.4,1650.1,938.4,1426.9,669.9,446.4,536.9
51,2,3,Car,True,0.735,1201.9,400.8,1652.6,939.6,1427.3,670.2,450.7,538.9
52,2,3,Car,True,0.762,1196.8,400.8,1650.8,940.7,1423.8,670.8,454.1,539.9
53,2,3,Car,True,0.77,1194.0,399.2,1651.5,940.9,1422.8,670.0,457.5,541.8
54,2,3,Car,True,0.765,1191.9,398.9,1650.7,940.3,1421.3,669.6,458.8,541.4
55,2,3,Car,True,0.806,1191.0,396.5,1653.0,940.2,1422.0,668.4,462.1,543.7
56,2,3,Car,True,0.822,1189.6,394.7,1656.5,942.8,1423.0,668.7,466.9,548.1
57,2,3,Car,True,0.832,1186.6,390.9,1658.6,943.6,1422.6,667.3,472.1,552.6
58,2,3,Car,True,0.851,1187.4,389.7,1663.2,945.1,1425.3,667.4,475.8,555.4
59,2,3,Car,True,0.834,1190.1,390.3,1666.3,943.5,1428.2,666.9,476.2,553.2
60,2,3,Car,True,0.836,1189.1,389.3,1669.3,944.5,1429.2,666.9,480.2,555.2
61,2,3,Car,True,0.799,1190.3,385.7,1675.0,943.5,1432.6,664.6,484.7,557.8
62,2,3,Car,True,0.781,1188.8,383.5,1678.3,944.6,1433.5,664.1,489.4,561.1
63,2,3,Car,True,0.803,1186.8,378.3,1681.8,944.8,1434.3,661.5,495.0,566.5
64,2,3,Car,True,0.789,1187.2,379.6,1683.2,946.0,1435.2,662.8,496.0,566.4
65,2,3,Car,True,0.743,1185.4,380.9,1682.6,947.3,1434.0,664.1,497.2,566.4
66,2,3,Car,True,0.655,1181.6,378.9,1680.7,945.0,1431.1,662.0,499.0,566.1
67,2,3,Car,True,0.764,1181.5,377.7,1687.3,948.5,1434.4,663.1,505.8,570.8
68,2,3,Car,True,0.803,1178.1,380.9,1681.8,946.2,1429.9,663.6,503.7,565.2
69,2,3,Car,True,0.769,1177.4,384.3,1680.1,945.3,1428.7,664.8,502.8,561.0
70,2,3,Car,True,0.805,1178.3,386.6,1681.4,944.6,1429.9,665.6,503.1,558.0
71,2,3,Car,True,0.805,1177.9,387.9,1683.6,946.1,1430.8,667.0,505.7,558.2
72,2,3,Car,True,0.838,1178.7,387.9,1687.1,946.6,1432.9,667.2,508.4,558.7
73,2,3,Car,True,0.842,1179.6,387.9,1689.3,946.0,1434.4,667.0,509.6,558.1
74,2,3,Car,True,0.854,1177.3,387.1,1690.4,947.5,1433.9,667.3,513.1,560.4
75,2,3,Car,True,0.853,1176.6,387.3,1689.7,946.5,1433.2,666.9,513.1,559.2
76,2,3,Car,True,0.851,1177.6,388.0,1689.9,945.3,1433.7,666.6,512.4,557.3
77,2,3,Car,True,0.85,1177.2,388.1,1690.9,946.2,1434.0,667.2,513.7,558.1
78,2,3,Car,True,0.847,1177.7,388.3,1691.3,945.8,1434.5,667.1,513.6,557.5
79,2,3,Car,True,0.842,1179.4,388.1,1693.1,945.2,1436.3,666.6,513.7,557.0
80,2,3,Car,True,0.843,1181.2,387.5,1694.5,943.5,1437.8,665.5,513.3,556.0
81,2,3,Car,True,0.812,1182.3,387.1,1694.4,941.4,1438.4,664.2,512.1,554.3
82,2,3,Car,True,0.821,1183.0,386.9,1695.2,940.9,1439.1,663.9,512.2,554.0
83,2,3,Car,True,0.804,1183.5,388.1,1695.1,941.3,1439.3,664.7,511.6,553.2
84,2,3,Car,True,0.81,1184.2,388.4,1696.3,942.5,1440.2,665.4,512.2,554.1
85,2,3,Car,True,0.792,1185.5,389.2,1696.6,943.0,1441.0,666.1,511.1,553.8
86,2,3,Car,True,0.718,1187.9,389.4,1696.7,941.7,1442.3,665.6,508.8,552.3
87,2,3,Car,True,0.744,1188.6,389.6,1695.9,940.9,1442.2,665.3,507.3,551.4
88,2,3,Car,True,0.776,1190.3,390.4,1696.4,941.5,1443.3,666.0,506.2,551.1
89,2,3,Car,True,0.742,1192.3,390.8,1695.9,940.5,1444.1,665.7,503.6,549.7
90,2,3,Car,True,0.753,1194.2,391.5,1695.6,940.3,1444.9,665.9,501.4,548.8
91,2,3,Car,True,0.74,1195.1,391.6,1695.0,940.5,1445.0,666.1,500.0,548.8
92,2,3,Car,True,0.633,1197.4,392.8,1693.7,940.0,1445.6,666.4,496.3,547.2
93,2,3,Car,True,0.6,1199.4,394.5,1692.0,939.8,1445.7,667.1,492.6,545.3
94,2,3,Car,True,0.469,1201.8,396.1,1691.4,939.8,1446.6,668.0,489.6,543.7
95,2,3,Car,True,0.716,1202.8,395.5,1691.3,940.0,1447.0,667.7,488.5,544.5
96,2,3,Car,True,0.781,1205.8,397.8,1689.6,939.1,1447.7,668.4,483.8,541.3
97,2,3,Car,True,0.669,1208.9,400.1,1686.5,936.7,1447.7,668.4,477.7,536.6
98,2,3,Car,True,0.632,1209.1,401.3,1684.2,937.0,1446.6,669.2,475.1,535.7
99,2,3,Car,True,0.669,1209.5,401.6,1682.2,936.7,1445.9,669.1,472.7,535.1
100,2,3,Car,True,0.693,1209.8,399.7,1681.7,936.3,1445.8,668.0,471.9,536.6
101,2,3,Car,True,0.613,1209.5,399.8,1679.2,935.9,1444.4,667.8,469.8,536.2
102,2,3,Car,True,0.772,1210.7,399.8,1677.8,934.7,1444.2,667.3,467.1,534.9
103,2,3,Car,True,0.741,1211.2,399.8,1677.1,935.2,1444.2,667.5,465.9,535.3
104,2,3,Car,True,0.704,1209.5,400.7,1672.7,935.9,1441.1,668.3,463.2,535.2
105,2,3,Car,True,0.658,1207.8,400.1,1670.7,937.8,1439.2,668.9,462.9,537.7
106,2,3,Car,True,0.521,1205.4,399.4,1667.2,939.0,1436.3,669.2,461.8,539.6
107,2,3,Car,True,0.543,1204.9,401.6,1663.1,939.6,1434.0,670.6,458.2,538.0
108,2,3,Car,True,0.469,1211.3,405.8,1658.3,932.1,1434.8,669.0,447.0,526.3
109,2,3,Car,True,0.274,1218.0,407.2,1652.2,918.9,1435.1,663.0,434.2,511.7
110,2,3,Car,True,0.352,1221.5,408.6,1650.6,915.3,1436.0,662.0,429.1,506.7
111,2,3,Car,True,0.345,1218.3,408.5,1651.3,921.8,1434.8,665.1,432.9,513.3
155,4,3,Car,True,0.453,1153.0,439.7,1425.0,692.7,1289.0,566.2,272.0,252.9
157,4,3,Car,True,0.517,1141.3,440.5,1410.4,690.6,1275.9,565.5,269.0,250.1
158,4,3,Car,True,0.462,1131.7,439.2,1402.2,690.6,1267.0,564.9,270.5,251.3
159,4,3,Car,True,0.317,1123.7,440.8,1391.1,688.8,1257.4,564.8,267.4,248.0
162,4,3,Car,True,0.304,1101.0,439.0,1363.2,681.6,1232.1,560.3,262.2,242.6
164,4,3,Car,True,0.305,1080.6,439.7,1341.0,680.2,1210.8,559.9,260.3,240.5
167,4,3,Car,True,0.632,1052.6,441.3,1309.8,677.8,1181.2,559.5,257.2,236.5
168,4,3,Car,True,0.489,1043.8,438.8,1300.9,675.0,1172.3,556.9,257.1,236.3
169,4,3,Car,True,0.357,1032.0,439.4,1288.7,674.9,1160.3,557.1,256.7,235.5
172,4,3,Car,True,0.5,1001.3,439.0,1255.8,672.3,1128.5,555.7,254.4,233.3
173,4,3,Car,True,0.439,991.7,438.0,1245.9,671.1,1118.8,554.6,254.2,233.2
174,4,3,Car,True,0.337,980.1,441.1,1233.1,672.6,1106.6,556.8,253.0,231.4
175,4,3,Car,True,0.505,969.6,442.7,1220.8,672.4,1095.2,557.6,251.3,229.7
176,4,3,Car,True,0.273,959.0,439.8,1213.8,672.3,1086.4,556.1,254.8,232.6
177,4,3,Car,True,0.389,949.5,438.4,1205.6,671.8,1077.5,555.1,256.0,233.3
178,4,3,Car,True,0.3,938.3,438.4,1193.5,671.3,1065.9,554.9,255.2,232.9
179,4,3,Car,True,0.455,926.8,439.8,1182.2,672.7,1054.5,556.3,255.3,232.9
180,4,3,Car,True,0.464,920.4,441.4,1170.9,668.7,1045.6,555.1,250.5,227.3
181,4,3,Car,True,0.598,911.7,441.5,1162.1,667.8,1036.9,554.7,250.4,226.3
182,4,3,Car,True,0.544,904.4,440.4,1156.1,666.7,1030.2,553.6,251.7,226.3
183,4,3,Car,True,0.757,895.3,442.4,1147.0,667.2,1021.2,554.8,251.7,224.8
184,4,3,Car,True,0.727,880.2,443.6,1134.1,669.4,1007.1,556.5,253.9,225.9
185,4,3,Car,True,0.735,867.8,443.5,1122.0,669.3,994.9,556.4,254.2,225.7
186,4,3,Car,True,0.706,857.6,444.5,1110.9,668.6,984.2,556.5,253.3,224.2
187,4,3,Car,True,0.599,853.2,443.7,1104.5,665.0,978.9,554.4,251.4,221.3
188,4,3,Car,True,0.653,844.1,444.3,1093.9,663.5,969.0,553.9,249.8,219.2
189,4,3,Car,True,0.58,832.0,443.4,1085.2,665.4,958.6,554.4,253.2,221.9
190,4,3,Car,True,0.498,822.4,443.5,1073.6,663.0,948.0,553.3,251.3,219.5
191,4,3,Car,True,0.675,815.8,444.5,1065.2,661.9,940.5,553.2,249.5,217.4
192,4,3,Car,True,0.658,808.3,446.0,1058.3,663.5,933.3,554.7,250.0,217.5
193,4,3,Car,True,0.486,802.7,444.9,1052.4,662.4,927.5,553.7,249.7,217.5
194,4,3,Car,True,0.653,796.8,446.9,1042.9,661.4,919.8,554.2,246.1,214.5
195,4,3,Car,True,0.7,790.6,445.8,1038.3,662.5,914.4,554.1,247.8,216.7
196,4,3,Car,True,0.708,781.2,445.1,1033.8,666.2,907.5,555.7,252.6,221.1
197,4,3,Car,True,0.663,776.7,446.2,1027.7,665.8,902.2,556.0,251.0,219.7
198,4,3,Car,True,0.647,772.7,445.3,1023.3,664.7,898.0,555.0,250.6,219.4
199,4,3,Car,True,0.618,769.5,445.3,1020.6,665.3,895.1,555.3,251.2,220.0
200,4,3,Car,True,0.619,765.3,445.1,1017.9,665.9,891.6,555.5,252.6,220.8
201,4,3,Car,True,0.603,760.3,445.0,1015.5,668.1,887.9,556.5,255.2,223.1
202,4,3,Car,True,0.521,757.4,445.8,1014.6,670.8,886.0,558.3,257.2,224.9
203,4,3,Car,True,0.517,755.7,446.3,1012.7,671.0,884.2,558.7,257.0,224.7
204,4,3,Car,True,0.621,753.8,446.9,1009.7,671.2,881.8,559.0,255.9,224.2
205,4,3,Car,True,0.384,752.1,447.9,1005.8,670.7,879.0,559.3,253.7,222.8
206,4,3,Car,True,0.422,750.5,448.8,1001.5,669.9,876.0,559.4,251.0,221.1
207,4,3,Car,True,0.561,747.5,448.8,997.9,669.2,872.7,559.0,250.3,220.4
208,4,3,Car,True,0.578,744.7,449.9,994.7,670.3,869.7,560.1,250.1,220.3
209,4,3,Car,True,0.415,741.4,451.1,991.4,671.6,866.4,561.3,250.1,220.5
210,4,3,Car,True,0.536,738.0,452.1,985.8,670.5,861.9,561.3,247.8,218.4
211,4,3,Car,True,0.463,736.3,452.2,982.5,668.4,859.4,560.3,246.3,216.2
212,4,3,Car,True,0.335,732.3,451.5,979.7,668.8,856.0,560.2,247.4,217.3
214,4,3,Car,True,0.252,728.8,452.9,975.2,669.1,852.0,561.0,246.4,216.2
215,6,3,Car,True,0.441,563.4,479.3,663.9,579.0,613.7,529.1,100.6,99.8
216,6,3,Car,True,0.311,563.1,479.6,663.3,579.2,613.2,529.4,100.2,99.5
217,6,3,Car,True,0.493,562.5,479.8,663.6,580.4,613.0,530.1,101.0,100.6
218,6,3,Car,True,0.423,561.7,482.2,662.4,582.4,612.1,532.3,100.6,100.2
218,4,3,Car,True,0.433,722.7,453.6,970.7,670.8,846.7,562.2,248.0,217.2
219,6,3,Car,True,0.383,563.2,484.0,662.0,582.5,612.6,533.3,98.8,98.4
220,6,3,Car,True,0.36,562.8,483.8,662.7,583.7,612.8,533.7,100.0,99.9
221,6,3,Car,True,0.496,563.1,483.3,663.6,584.0,613.3,533.6,100.5,100.7
222,6,3,Car,True,0.467,564.0,484.2,665.0,585.8,614.5,535.0,100.9,101.6
223,6,3,Car,True,0.534,565.3,484.7,666.1,586.5,615.7,535.6,100.7,101.8
224,6,3,Car,True,0.263,567.5,485.5,667.9,587.2,617.7,536.3,100.4,101.7
225,6,3,Car,True,0.492,570.6,485.3,669.6,585.5,620.1,535.4,99.0,100.2
225,4,3,Car,True,0.273,724.1,452.5,975.5,672.8,849.8,562.6,251.4,220.4
226,6,3,Car,True,0.493,575.0,486.2,672.6,584.7,623.8,535.5,97.6,98.5
227,6,3,Car,True,0.307,578.0,485.2,676.7,584.8,627.4,535.0,98.7,99.5
227,4,3,Car,True,0.27,726.2,451.2,979.4,673.7,852.8,562.5,253.2,222.6
228,6,3,Car,True,0.287,579.5,484.5,680.3,585.8,629.9,535.2,100.8,101.3
228,4,3,Car,True,0.328,729.0,451.2,982.7,674.9,855.9,563.1,253.7,223.8
229,6,3,Car,True,0.541,580.8,485.1,684.4,589.2,632.6,537.1,103.6,104.1
230,6,3,Car,True,0.623,582.1,485.3,687.7,591.7,634.9,538.5,105.6,106.4
231,6,3,Car,True,0.445,587.0,486.5,689.6,589.7,638.3,538.1,102.6,103.2
231,4,3,Car,True,0.252,735.8,454.8,991.6,680.5,863.7,567.6,255.9,225.8
232,6,3,Car,True,0.554,590.6,486.8,693.3,590.1,642.0,538.4,102.7,103.3
233,6,3,Car,True,0.325,594.4,489.0,697.0,591.6,645.7,540.3,102.7,102.6
233,4,3,Car,True,0.254,744.9,454.2,1002.7,681.9,873.8,568.1,257.7,227.7
234,6,3,Car,True,0.509,598.8,488.0,702.8,591.6,650.8,539.8,104.0,103.6
235,6,3,Car,True,0.523,600.7,487.6,706.2,592.5,653.5,540.1,105.5,104.8
236,6,3,Car,True,0.34,604.7,486.5,708.3,589.3,656.5,537.9,103.7,102.8
236,4,3,Car,True,0.301,755.5,449.0,1017.9,682.0,886.7,565.5,262.4,233.0
237,6,3,Car,True,0.55,607.9,485.5,709.9,586.7,658.9,536.1,102.0,101.2
237,4,3,Car,True,0.273,759.9,448.2,1022.1,681.1,891.0,564.7,262.2,232.9
238,6,3,Car,True,0.463,613.3,485.1,713.5,584.4,663.4,534.7,100.2,99.3
238,4,3,Car,True,0.53,762.4,446.0,1026.5,680.8,894.4,563.4,264.2,234.8
239,6,3,Car,True,0.575,617.3,484.4,718.6,584.6,668.0,534.5,101.3,100.2
239,4,3,Car,True,0.479,763.8,445.1,1028.2,680.2,896.0,562.6,264.4,235.0
240,6,3,Car,True,0.555,620.0,483.6,722.3,584.8,671.1,534.2,102.3,101.3
240,4,3,Car,True,0.527,767.1,445.5,1030.8,679.8,899.0,562.6,263.6,234.2
241,6,3,Car,True,0.396,622.4,483.4,725.2,585.6,673.8,534.5,102.8,102.2
241,4,3,Car,True,0.316,771.3,448.3,1032.8,680.1,902.0,564.2,261.5,231.8
242,6,3,Car,True,0.352,625.3,483.4,728.8,586.3,677.1,534.8,103.5,103.0
242,4,3,Car,True,0.457,774.9,448.6,1035.3,679.4,905.1,564.0,260.3,230.8
243,6,3,Car,True,0.316,628.7,483.2,731.5,585.6,680.1,534.4,102.8,102.3
243,4,3,Car,True,0.262,779.5,447.8,1040.9,679.7,910.2,563.8,261.3,231.8
244,6,3,Car,True,0.347,633.0,482.9,735.7,585.0,684.4,533.9,102.7,102.1
244,4,3,Car,True,0.41,781.2,445.8,1045.3,680.5,913.3,563.2,264.1,234.6
245,6,3,Car,True,0.538,636.9,482.7,738.8,584.3,687.8,533.5,101.9,101.5
245,4,3,Car,True,0.339,784.0,446.2,1047.4,679.9,915.7,563.0,263.3,233.7
246,6,3,Car,True,0.61,638.0,481.5,741.9,585.2,689.9,533.4,104.0,103.7
246,4,3,Car,True,0.5,784.6,445.6,1051.7,682.5,918.2,564.1,267.1,236.9
247,6,3,Car,True,0.422,638.3,480.5,743.2,585.4,690.8,533.0,104.9,104.9
248,6,3,Car,True,0.607,640.4,479.9,746.2,585.7,693.3,532.8,105.8,105.8
248,4,3,Car,True,0.428,788.1,445.2,1055.4,682.3,921.7,563.7,267.3,237.1
249,6,3,Car,True,0.516,642.5,479.9,749.6,587.3,696.1,533.6,107.1,107.4
249,4,3,Car,True,0.306,792.1,446.6,1056.5,680.8,924.3,563.7,264.4,234.2
250,6,3,Car,True,0.496,643.8,480.6,752.2,589.7,698.0,535.1,108.4,109.1
250,4,3,Car,True,0.522,792.8,447.5,1061.9,686.1,927.4,566.8,269.2,238.6
251,6,3,Car,True,0.564,646.9,481.6,754.1,589.6,700.5,535.6,107.2,108.0
251,4,3,Car,True,0.553,797.2,446.3,1066.0,684.9,931.6,565.6,268.9,238.6
252,6,3,Car,True,0.668,649.7,482.7,755.5,589.1,702.6,535.9,105.8,106.4
252,4,3,Car,True,0.474,799.9,446.1,1071.2,687.5,935.6,566.8,271.3,241.4
253,6,3,Car,True,0.56,653.3,483.9,757.9,588.9,705.6,536.4,104.5,105.0
253,4,3,Car,True,0.414,803.7,447.2,1073.4,687.2,938.5,567.2,269.7,240.0
254,6,3,Car,True,0.661,657.2,483.6,761.3,588.4,709.3,536.0,104.2,104.9
254,4,3,Car,True,0.581,804.8,448.7,1075.2,689.9,940.0,569.3,270.5,241.2
255,6,3,Car,True,0.675,659.7,483.9,764.4,589.2,712.1,536.5,104.7,105.3
255,4,3,Car,True,0.562,806.9,448.5,1078.7,691.1,942.8,569.8,271.8,242.6
256,6,3,Car,True,0.514,661.2,484.3,766.6,590.3,713.9,537.3,105.4,106.0
256,4,3,Car,True,0.315,807.9,444.6,1081.3,688.9,944.6,566.7,273.4,244.3
257,6,3,Car,True,0.415,664.4,483.1,769.4,588.4,716.9,535.8,105.0,105.3
257,4,3,Car,True,0.337,808.1,444.4,1081.8,689.8,944.9,567.1,273.7,245.4
258,6,3,Car,True,0.605,667.3,482.3,773.0,588.0,720.2,535.1,105.7,105.7
258,4,3,Car,True,0.508,809.6,445.0,1082.2,690.0,945.9,567.5,272.7,245.0
259,6,3,Car,True,0.564,667.9,481.4,775.2,588.1,721.5,534.8,107.3,106.7
259,4,3,Car,True,0.395,814.6,444.3,1084.9,686.8,949.8,565.6,270.3,242.4
260,6,3,Car,True,0.343,670.1,479.8,778.2,587.5,724.2,533.7,108.0,107.7
260,4,3,Car,True,0.431,817.4,444.3,1087.4,686.3,952.4,565.3,270.0,242.0
261,4,3,Car,True,0.379,820.8,443.5,1090.0,684.6,955.4,564.0,269.2,241.1
262,4,3,Car,True,0.625,824.8,443.9,1093.2,683.5,959.0,563.7,268.3,239.6
263,4,3,Car,True,0.475,825.8,441.8,1097.6,684.1,961.7,562.9,271.8,242.3
263,6,3,Car,True,0.458,675.3,477.3,786.0,587.7,730.6,532.5,110.6,110.4
264,4,3,Car,True,0.428,826.1,440.3,1101.8,685.9,964.0,563.1,275.7,245.6
264,6,3,Car,True,0.479,674.5,475.5,788.2,588.9,731.4,532.2,113.8,113.4
265,4,3,Car,True,0.488,828.3,440.4,1105.8,687.2,967.0,563.8,277.4,246.7
265,6,3,Car,True,0.283,678.7,477.6,791.4,589.2,735.0,533.4,112.7,111.6
266,4,3,Car,True,0.45,829.2,440.8,1108.2,688.6,968.7,564.7,279.0,247.9
266,6,3,Car,True,0.315,680.9,477.3,795.3,590.3,738.1,533.8,114.4,113.0
267,4,3,Car,True,0.527,831.3,441.1,1113.1,690.8,972.2,565.9,281.8,249.8
267,6,3,Car,True,0.406,683.5,478.4,797.4,590.1,740.4,534.3,113.9,111.7
268,4,3,Car,True,0.563,833.1,441.2,1116.1,691.5,974.6,566.3,283.0,250.4
268,6,3,Car,True,0.262,684.8,477.4,798.7,588.9,741.8,533.1,113.9,111.4
269,4,3,Car,True,0.365,835.3,442.3,1117.0,690.8,976.1,566.6,281.7,248.5
269,6,3,Car,True,0.323,686.2,476.7,801.2,589.1,743.7,532.9,115.1,112.4
270,4,3,Car,True,0.405,836.1,441.6,1119.5,691.3,977.8,566.4,283.5,249.7
270,6,3,Car,True,0.287,687.0,476.2,802.9,589.2,744.9,532.7,115.9,113.0
271,4,3,Car,True,0.46,836.4,440.8,1121.5,691.9,979.0,566.3,285.1,251.2
272,4,3,Car,True,0.442,838.2,440.7,1124.9,693.2,981.6,567.0,286.7,252.5
272,6,3,Car,True,0.31,689.6,477.3,806.5,590.9,748.0,534.1,116.9,113.6
273,4,3,Car,True,0.302,838.6,439.7,1126.0,693.2,982.3,566.4,287.4,253.5
274,4,3,Car,True,0.418,839.2,437.4,1130.9,695.5,985.0,566.4,291.7,258.2
274,6,3,Car,True,0.367,692.2,479.1,810.5,593.6,751.4,536.3,118.3,114.5
275,4,3,Car,True,0.379,842.0,437.7,1135.7,698.2,988.8,568.0,293.8,260.6
275,6,3,Car,True,0.395,694.2,481.7,811.4,594.8,752.8,538.2,117.2,113.1
277,6,3,Car,True,0.446,696.6,482.5,816.8,597.9,756.7,540.2,120.2,115.4
278,6,3,Car,True,0.284,699.3,484.0,817.9,596.8,758.6,540.4,118.5,112.8
279,6,3,Car,True,0.72,700.2,483.8,821.4,598.6,760.8,541.2,121.2,114.8
280,6,3,Car,True,0.724,701.9,483.9,822.9,597.6,762.4,540.8,121.0,113.7
281,6,3,Car,True,0.64,704.0,484.2,824.8,597.0,764.4,540.6,120.8,112.8
281,4,3,Car,True,0.289,858.5,442.9,1149.0,700.1,1003.8,571.5,290.5,257.2
282,6,3,Car,True,0.708,705.0,485.2,826.7,598.5,765.8,541.9,121.7,113.2
282,4,3,Car,True,0.262,860.9,445.8,1150.3,701.1,1005.6,573.4,289.5,255.4
283,6,3,Car,True,0.646,704.9,486.0,828.6,600.9,766.8,543.4,123.8,114.9
283,4,3,Car,True,0.378,860.7,443.4,1153.8,701.8,1007.2,572.6,293.1,258.4
284,6,3,Car,True,0.529,704.4,486.0,831.1,604.1,767.7,545.0,126.7,118.1
284,4,3,Car,True,0.355,862.1,444.1,1155.7,702.6,1008.9,573.3,293.7,258.4
285,6,3,Car,True,0.276,706.4,487.3,830.0,602.2,768.2,544.7,123.6,114.9
285,4,3,Car,True,0.275,862.2,445.1,1161.0,707.8,1011.6,576.4,298.8,262.7
289,6,3,Car,True,0.269,707.4,485.4,842.6,612.7,775.0,549.0,135.2,127.3
290,6,3,Car,True,0.263,708.9,484.5,845.0,614.0,777.0,549.2,136.1,129.4
420,10,3,Car,True,0.367,1333.1,425.1,1550.2,563.8,1441.7,494.5,217.0,138.7
421,10,3,Car,True,0.581,1343.1,422.5,1565.2,564.3,1454.1,493.4,222.1,141.8
422,10,3,Car,True,0.587,1358.2,423.4,1580.8,565.3,1469.5,494.4,222.6,142.0
423,10,3,Car,True,0.516,1373.5,422.0,1596.2,563.8,1484.9,492.9,222.7,141.9
424,10,3,Car,True,0.568,1388.0,417.6,1614.7,562.0,1501.3,489.8,226.7,144.4
425,10,3,Car,True,0.529,1401.7,414.7,1631.3,560.7,1516.5,487.7,229.6,146.0
426,10,3,Car,True,0.355,1417.7,411.3,1652.2,560.3,1535.0,485.8,234.5,149.0
427,10,3,Car,True,0.554,1435.0,409.9,1670.9,559.6,1553.0,484.7,235.9,149.7
428,10,3,Car,True,0.425,1449.6,410.2,1685.2,559.3,1567.4,484.7,235.6,149.1
429,10,3,Car,True,0.318,1465.6,408.7,1703.1,558.8,1584.3,483.7,237.5,150.1
430,10,3,Car,True,0.394,1485.0,408.6,1725.2,560.0,1605.1,484.3,240.2,151.4
431,10,3,Car,True,0.468,1501.4,407.5,1749.1,563.3,1625.2,485.4,247.7,155.8
432,10,3,Car,True,0.564,1518.7,406.4,1771.0,565.0,1644.9,485.7,252.3,158.6
433,10,3,Car,True,0.642,1535.1,408.0,1785.7,564.7,1660.4,486.4,250.5,156.7
434,10,3,Car,True,0.576,1549.5,407.6,1805.1,567.1,1677.3,487.4,255.6,159.5
435,10,3,Car,True,0.533,1572.6,405.9,1834.2,569.0,1703.4,487.4,261.6,163.1
436,10,3,Car,True,0.392,1590.2,404.8,1854.0,568.3,1722.1,486.6,263.8,163.5
437,10,3,Car,True,0.418,1609.9,403.0,1878.2,568.4,1744.1,485.7,268.3,165.5
440,10,3,Car,True,0.32,1658.9,398.9,1920.0,565.8,1789.5,482.3,261.1,166.9
442,11,3,Car,True,0.371,715.7,482.0,840.7,597.3,778.2,539.7,125.0,115.3
443,11,3,Car,True,0.28,715.3,481.8,840.0,596.9,777.7,539.4,124.7,115.1
445,11,3,Car,True,0.261,715.3,481.2,839.8,596.1,777.5,538.6,124.5,114.9
447,11,3,Car,True,0.345,716.3,481.9,838.8,595.0,777.6,538.5,122.5,113.1
448,11,3,Car,True,0.265,716.0,481.8,838.9,595.3,777.4,538.6,122.8,113.5
463,14,0,Auto-Rickshaw,True,0.368,900.2,446.6,1184.7,692.3,1042.4,569.5,284.4,245.7
464,14,0,Auto-Rickshaw,True,0.26,897.7,443.9,1184.8,692.1,1041.2,568.0,287.2,248.2
480,14,3,Car,True,0.588,888.7,454.2,1145.6,678.0,1017.2,566.1,256.9,223.8
481,14,3,Car,True,0.545,889.2,454.0,1143.5,676.5,1016.3,565.3,254.3,222.5
482,14,3,Car,True,0.439,889.9,456.0,1140.5,676.2,1015.2,566.1,250.6,220.1
483,14,3,Car,True,0.302,889.3,457.7,1137.2,676.3,1013.3,567.0,247.9,218.7
486,14,3,Car,True,0.253,887.8,458.0,1134.3,676.4,1011.1,567.2,246.5,218.4
487,14,3,Car,True,0.466,886.6,458.5,1131.3,675.9,1008.9,567.2,244.7,217.3
488,14,3,Car,True,0.549,887.2,460.4,1127.8,674.4,1007.5,567.4,240.6,214.1
489,14,3,Car,True,0.577,887.7,461.0,1126.9,674.1,1007.3,567.5,239.3,213.1
490,14,3,Car,True,0.569,887.9,462.4,1124.5,673.2,1006.2,567.8,236.6,210.8
491,14,3,Car,True,0.543,889.7,464.3,1122.6,671.8,1006.1,568.1,232.9,207.5
492,14,3,Car,True,0.587,890.3,464.7,1121.2,670.6,1005.7,567.7,230.9,205.9
493,14,3,Car,True,0.623,889.5,464.9,1119.7,670.3,1004.6,567.6,230.2,205.3
494,14,3,Car,True,0.638,888.8,466.1,1117.9,670.3,1003.3,568.2,229.1,204.2
495,14,3,Car,True,0.582,889.4,466.1,1117.1,668.9,1003.2,567.5,227.8,202.8
496,14,3,Car,True,0.592,888.2,466.3,1115.9,668.9,1002.0,567.6,227.7,202.7
497,14,3,Car,True,0.52,886.7,465.8,1114.9,668.9,1000.8,567.4,228.2,203.2
498,14,3,Car,True,0.484,887.9,466.4,1113.0,666.6,1000.4,566.5,225.2,200.2
499,14,3,Car,True,0.528,887.1,466.9,1111.7,666.6,999.4,566.8,224.6,199.7
500,14,3,Car,True,0.565,884.9,467.1,1110.4,667.3,997.7,567.2,225.6,200.2
501,14,3,Car,True,0.491,881.2,465.2,1109.2,667.8,995.2,566.5,228.0,202.6
502,14,3,Car,True,0.526,880.5,465.3,1107.9,667.6,994.2,566.4,227.4,202.3
503,14,3,Car,True,0.542,880.9,466.2,1107.3,667.7,994.1,566.9,226.4,201.4
504,14,3,Car,True,0.497,881.9,468.0,1105.4,666.4,993.6,567.2,223.5,198.4
505,14,3,Car,True,0.584,878.8,468.5,1104.0,668.0,991.4,568.3,225.2,199.5
506,14,3,Car,True,0.605,876.9,467.7,1103.4,668.0,990.1,567.8,226.5,200.4
507,14,3,Car,True,0.502,875.2,466.5,1103.0,668.1,989.1,567.3,227.8,201.6
508,14,3,Car,True,0.396,873.9,464.5,1102.9,667.6,988.4,566.1,229.0,203.1
509,14,3,Car,True,0.34,875.5,466.2,1101.9,667.0,988.7,566.6,226.4,200.8
510,14,3,Car,True,0.514,877.1,468.3,1099.1,665.7,988.1,567.0,222.0,197.4
511,14,3,Car,True,0.542,876.7,467.9,1098.6,665.7,987.7,566.8,221.8,197.8
512,14,3,Car,True,0.586,877.6,468.1,1097.9,664.7,987.8,566.4,220.3,196.6
513,14,3,Car,True,0.603,878.1,467.5,1098.1,663.9,988.1,565.7,220.0,196.4
514,14,3,Car,True,0.596,877.6,466.4,1098.3,663.7,988.0,565.0,220.7,197.3
515,14,3,Car,True,0.553,877.4,466.6,1097.9,663.7,987.6,565.1,220.5,197.1
516,14,3,Car,True,0.471,875.5,464.9,1100.8,666.1,988.2,565.5,225.4,201.2
517,14,3,Car,True,0.462,875.9,464.7,1102.8,666.9,989.4,565.8,226.9,202.2
518,14,3,Car,True,0.394,877.2,467.6,1101.4,666.6,989.3,567.1,224.2,199.0
519,14,3,Car,True,0.517,877.3,467.1,1103.5,667.3,990.4,567.2,226.2,200.2
520,14,3,Car,True,0.475,877.8,468.6,1104.3,668.4,991.1,568.5,226.5,199.8
521,14,3,Car,True,0.654,879.1,468.8,1104.2,667.0,991.7,567.9,225.2,198.2
522,14,3,Car,True,0.584,878.6,465.7,1108.4,667.4,993.5,566.6,229.8,201.7
523,14,3,Car,True,0.629,877.9,463.0,1112.6,669.1,995.2,566.1,234.7,206.1
524,14,3,Car,True,0.406,880.4,460.1,1115.8,666.7,998.1,563.4,235.3,206.6
525,14,3,Car,True,0.707,880.6,457.2,1118.6,666.2,999.6,561.7,238.0,209.0
526,14,3,Car,True,0.658,879.6,454.7,1119.8,665.7,999.7,560.2,240.2,211.0
527,14,3,Car,True,0.515,881.6,454.9,1120.3,664.1,1000.9,559.5,238.7,209.2
528,14,3,Car,True,0.696,880.9,453.2,1122.7,665.4,1001.8,559.3,241.8,212.2
529,14,3,Car,True,0.692,880.9,452.3,1122.5,664.0,1001.7,558.2,241.6,211.7
530,14,3,Car,True,0.713,882.7,451.0,1122.5,660.9,1002.6,556.0,239.8,209.9
531,14,3,Car,True,0.677,884.1,451.5,1124.0,661.5,1004.0,556.5,239.9,209.9
532,14,3,Car,True,0.698,883.7,450.8,1127.8,664.5,1005.8,557.7,244.1,213.8
533,14,3,Car,True,0.536,887.0,450.0,1130.3,662.9,1008.6,556.5,243.2,212.9
534,14,3,Car,True,0.515,889.3,450.4,1132.4,663.3,1010.9,556.8,243.1,212.8
535,14,3,Car,True,0.582,890.6,450.8,1134.3,664.0,1012.5,557.4,243.7,213.3
536,14,3,Car,True,0.573,892.9,450.6,1135.6,662.6,1014.3,556.6,242.7,212.1
537,14,3,Car,True,0.274,895.1,450.4,1138.3,662.4,1016.7,556.4,243.2,212.0
538,14,3,Car,True,0.307,896.4,449.5,1140.8,662.1,1018.6,555.8,244.4,212.6
539,14,3,Car,True,0.473,897.3,449.2,1144.1,663.4,1020.7,556.3,246.7,214.2
540,14,3,Car,True,0.515,897.6,448.2,1147.1,664.6,1022.3,556.4,249.5,216.4
541,14,3,Car,True,0.482,898.6,448.3,1148.5,664.6,1023.6,556.5,249.9,216.4
543,14,3,Car,True,0.285,900.9,447.2,1154.3,666.2,1027.6,556.7,253.4,219.0
544,14,3,Car,True,0.308,901.8,446.8,1157.1,667.0,1029.5,556.9,255.4,220.2
545,14,3,Car,True,0.563,904.3,447.5,1160.0,666.8,1032.2,557.2,255.7,219.4
546,14,3,Car,True,0.593,904.6,445.0,1165.9,668.3,1035.2,556.7,261.4,223.3
547,14,3,Car,True,0.576,904.5,444.3,1168.9,669.1,1036.7,556.7,264.4,224.8
548,14,3,Car,True,0.68,903.4,442.5,1172.0,670.1,1037.7,556.3,268.6,227.6
549,14,3,Car,True,0.568,903.6,442.2,1173.4,670.0,1038.5,556.1,269.8,227.7
550,14,3,Car,True,0.616,903.4,441.1,1174.6,669.4,1039.0,555.2,271.3,228.3
551,14,3,Car,True,0.424,902.6,440.3,1176.9,670.8,1039.7,555.5,274.3,230.5
552,14,3,Car,True,0.525,901.7,439.2,1179.3,672.4,1040.5,555.8,277.6,233.3
554,14,3,Car,True,0.501,900.5,439.3,1182.3,676.4,1041.4,557.9,281.8,237.1
555,14,3,Car,True,0.521,900.4,437.7,1186.3,678.9,1043.3,558.3,286.0,241.2
556,14,3,Car,True,0.268,901.9,437.5,1189.0,680.2,1045.4,558.9,287.2,242.7
558,14,3,Car,True,0.575,904.0,436.5,1192.8,680.8,1048.4,558.7,288.8,244.4
559,14,3,Car,True,0.475,901.4,434.1,1191.4,680.0,1046.4,557.1,289.9,246.0
560,14,3,Car,True,0.422,902.1,432.8,1194.3,681.2,1048.2,557.0,292.2,248.3
561,14,3,Car,True,0.416,903.0,431.9,1199.2,683.9,1051.1,557.9,296.2,252.0
562,14,3,Car,True,0.442,904.2,431.5,1201.2,684.8,1052.7,558.2,296.9,253.3
563,14,3,Car,True,0.414,905.7,429.0,1204.7,684.3,1055.2,556.6,299.0,255.2
564,14,3,Car,True,0.253,907.3,429.1,1206.8,684.8,1057.0,557.0,299.5,255.7
565,14,3,Car,True,0.41,908.1,429.6,1208.7,686.0,1058.4,557.8,300.6,256.4
566,14,3,Car,True,0.392,909.5,430.8,1211.7,687.9,1060.6,559.4,302.2,257.1
567,14,3,Car,True,0.348,910.6,433.0,1213.4,689.7,1062.0,561.3,302.8,256.7
568,14,3,Car,True,0.424,910.1,431.7,1216.3,690.5,1063.2,561.1,306.2,258.9
569,14,3,Car,True,0.375,909.7,430.7,1218.4,691.1,1064.0,560.9,308.6,260.4
570,14,3,Car,True,0.406,910.7,429.8,1221.0,691.7,1065.8,560.8,310.2,261.8
571,14,3,Car,True,0.438,911.8,428.7,1223.2,691.6,1067.5,560.1,311.4,262.9
572,14,3,Car,True,0.515,911.8,426.8,1225.4,691.8,1068.6,559.3,313.6,265.0
573,14,3,Car,True,0.415,911.4,426.0,1227.1,692.9,1069.2,559.5,315.7,267.0
574,14,3,Car,True,0.493,911.6,426.7,1227.9,694.1,1069.8,560.4,316.3,267.4
575,14,3,Car,True,0.522,911.2,426.3,1229.5,695.6,1070.3,561.0,318.4,269.3
576,14,3,Car,True,0.59,910.7,426.2,1230.3,696.7,1070.5,561.4,319.6,270.5
577,14,3,Car,True,0.547,910.5,422.0,1235.0,697.8,1072.7,559.9,324.5,275.8
578,14,3,Car,True,0.536,912.5,423.2,1236.0,698.6,1074.3,560.9,323.4,275.4
579,14,3,Car,True,0.45,913.9,424.9,1236.6,700.1,1075.3,562.5,322.8,275.2
580,14,3,Car,True,0.353,913.6,423.3,1238.6,700.6,1076.1,562.0,325.0,277.4
581,14,3,Car,True,0.398,913.5,423.2,1238.2,700.6,1075.8,561.9,324.7,277.4
582,14,3,Car,True,0.414,913.0,423.1,1238.6,701.5,1075.8,562.3,325.6,278.4
583,14,3,Car,True,0.459,913.6,422.7,1240.7,701.9,1077.1,562.3,327.1,279.1
584,14,3,Car,True,0.479,915.4,427.7,1238.1,701.9,1076.7,564.8,322.8,274.2
585,14,3,Car,True,0.554,917.5,431.6,1237.2,701.8,1077.4,566.7,319.6,270.2
586,14,3,Car,True,0.53,917.4,432.3,1237.6,702.1,1077.5,567.2,320.2,269.8
587,14,3,Car,True,0.483,917.5,430.6,1241.0,703.3,1079.2,567.0,323.5,272.7
588,14,3,Car,True,0.535,919.4,431.0,1242.9,703.6,1081.2,567.3,323.5,272.5
589,14,3,Car,True,0.586,922.8,432.6,1244.4,702.4,1083.6,567.5,321.6,269.8
590,14,3,Car,True,0.622,921.7,430.2,1246.4,702.1,1084.0,566.1,324.7,271.9
591,14,3,Car,True,0.566,921.6,430.3,1247.0,702.1,1084.3,566.2,325.5,271.8
592,14,3,Car,True,0.504,921.6,431.0,1246.7,701.6,1084.2,566.3,325.1,270.7
593,14,3,Car,True,0.44,919.2,428.4,1249.8,704.0,1084.5,566.2,330.6,275.5
594,14,3,Car,True,0.38,917.8,427.0,1251.2,705.2,1084.5,566.1,333.4,278.2
595,14,3,Car,True,0.371,917.4,425.1,1250.9,702.7,1084.2,563.9,333.5,277.6
596,14,3,Car,True,0.42,916.5,423.0,1252.3,702.2,1084.4,562.6,335.9,279.2
597,14,3,Car,True,0.395,916.0,421.6,1253.7,702.1,1084.8,561.8,337.7,280.5
598,14,3,Car,True,0.363,915.5,420.1,1254.5,701.4,1085.0,560.8,338.9,281.3
599,14,3,Car,True,0.413,915.8,419.8,1255.8,701.6,1085.8,560.7,340.0,281.8
600,14,3,Car,True,0.428,916.8,420.9,1255.2,700.8,1086.0,560.9,338.3,279.9
601,14,3,Car,True,0.423,917.9,422.2,1255.3,700.6,1086.6,561.4,337.4,278.4
602,14,3,Car,True,0.418,918.5,422.8,1256.3,700.8,1087.4,561.8,337.8,278.0
603,14,3,Car,True,0.344,919.0,423.9,1256.9,701.2,1087.9,562.6,337.9,277.3
604,14,3,Car,True,0.335,919.2,424.4,1257.4,701.3,1088.3,562.9,338.2,276.9
605,14,3,Car,True,0.362,918.6,424.0,1258.2,701.5,1088.4,562.8,339.6,277.5
606,14,3,Car,True,0.363,918.3,423.9,1258.5,701.4,1088.4,562.7,340.2,277.5
607,14,3,Car,True,0.407,918.2,423.8,1258.7,701.0,1088.5,562.4,340.5,277.2
608,14,3,Car,True,0.414,917.9,423.5,1258.9,700.7,1088.4,562.1,341.0,277.2
609,14,3,Car,True,0.344,918.4,425.1,1259.1,701.6,1088.8,563.3,340.7,276.5
610,14,3,Car,True,0.255,919.3,426.3,1258.9,701.3,1089.1,563.8,339.6,275.0
611,14,3,Car,True,0.262,918.8,426.1,1259.1,701.2,1088.9,563.6,340.3,275.1
612,14,3,Car,True,0.293,918.2,425.6,1259.4,701.2,1088.8,563.4,341.2,275.6
613,14,3,Car,True,0.264,918.6,426.8,1259.0,701.3,1088.8,564.0,340.4,274.5
614,14,3,Car,True,0.296,918.0,426.1,1259.7,701.5,1088.8,563.8,341.7,275.4
615,14,3,Car,True,0.36,916.3,424.6,1260.2,701.7,1088.2,563.1,343.8,277.1
616,14,3,Car,True,0.387,917.1,426.0,1258.9,701.0,1088.0,563.5,341.8,275.0
617,14,3,Car,True,0.355,916.7,425.7,1258.8,700.6,1087.8,563.1,342.1,275.0
618,14,3,Car,True,0.299,916.8,426.3,1258.2,700.3,1087.5,563.3,341.4,274.0
619,14,3,Car,True,0.318,916.8,426.7,1258.4,700.6,1087.6,563.7,341.6,273.8
620,14,3,Car,True,0.309,916.7,426.3,1259.5,701.0,1088.1,563.6,342.8,274.7
621,14,3,Car,True,0.326,917.4,426.1,1259.6,700.3,1088.5,563.2,342.2,274.2
622,14,3,Car,True,0.32,917.5,426.1,1259.7,700.2,1088.6,563.1,342.3,274.2
623,14,3,Car,True,0.36,917.3,425.9,1259.9,700.4,1088.6,563.1,342.7,274.5
624,14,3,Car,True,0.428,917.4,425.5,1259.8,699.7,1088.6,562.6,342.4,274.3
625,14,3,Car,True,0.388,917.2,425.6,1259.3,699.6,1088.3,562.6,342.1,274.0
626,14,3,Car,True,0.374,916.9,425.7,1259.2,699.9,1088.1,562.8,342.3,274.1
627,14,3,Car,True,0.313,917.3,426.4,1258.6,699.6,1087.9,563.0,341.3,273.2
628,14,3,Car,True,0.299,917.4,427.1,1258.1,699.6,1087.7,563.3,340.7,272.5
629,14,3,Car,True,0.276,918.5,428.2,1257.4,699.0,1088.0,563.6,338.9,270.7
630,14,3,Car,True,0.29,919.2,429.0,1257.4,698.8,1088.3,563.9,338.2,269.9
631,14,3,Car,True,0.279,920.0,429.9,1257.3,698.7,1088.6,564.3,337.2,268.7
632,14,3,Car,True,0.307,919.6,429.8,1257.8,699.1,1088.7,564.5,338.2,269.2
633,14,3,Car,True,0.335,918.4,428.7,1258.7,699.7,1088.5,564.2,340.3,270.9
634,14,3,Car,True,0.358,917.2,427.4,1259.5,700.0,1088.4,563.7,342.3,272.6
635,14,3,Car,True,0.398,916.3,426.3,1260.0,700.3,1088.2,563.3,343.8,274.0
636,14,3,Car,True,0.361,916.4,426.8,1259.8,700.5,1088.1,563.7,343.3,273.7
637,14,3,Car,True,0.393,917.0,427.6,1259.1,700.4,1088.1,564.0,342.2,272.7
638,14,3,Car,True,0.369,917.7,428.8,1258.5,700.3,1088.1,564.5,340.8,271.5
639,14,3,Car,True,0.376,917.9,429.4,1258.4,700.5,1088.1,565.0,340.6,271.2
640,14,3,Car,True,0.343,919.1,429.6,1257.9,699.0,1088.5,564.3,338.7,269.4
641,14,3,Car,True,0.437,918.0,428.9,1258.2,699.5,1088.1,564.2,340.2,270.7
642,14,3,Car,True,0.322,917.9,429.4,1257.7,699.7,1087.8,564.6,339.8,270.2
643,14,3,Car,True,0.292,918.2,429.5,1256.9,698.7,1087.6,564.1,338.7,269.1
644,14,3,Car,True,0.345,917.8,429.6,1257.3,699.2,1087.6,564.4,339.6,269.6
645,14,3,Car,True,0.365,917.3,429.2,1257.7,699.4,1087.5,564.3,340.5,270.2
646,14,3,Car,True,0.341,917.3,429.5,1257.7,699.4,1087.5,564.5,340.4,269.9
647,14,3,Car,True,0.351,917.2,429.7,1257.7,699.5,1087.5,564.6,340.5,269.8
648,14,3,Car,True,0.362,917.2,429.9,1257.9,699.7,1087.6,564.8,340.6,269.8
649,14,3,Car,True,0.369,917.3,430.0,1258.0,699.6,1087.7,564.8,340.7,269.7
650,14,3,Car,True,0.364,917.4,430.3,1258.3,700.0,1087.9,565.2,340.9,269.7
651,14,3,Car,True,0.341,917.3,430.8,1258.5,700.7,1087.9,565.7,341.2,269.9
652,14,3,Car,True,0.34,917.4,431.1,1258.4,700.7,1087.9,565.9,341.0,269.6
653,14,3,Car,True,0.308,917.5,431.6,1258.4,700.9,1087.9,566.2,340.8,269.3
654,14,3,Car,True,0.3,918.1,432.1,1258.2,700.7,1088.1,566.4,340.1,268.6
655,14,3,Car,True,0.344,918.4,432.4,1258.4,700.7,1088.4,566.5,340.0,268.4
656,14,3,Car,True,0.407,918.4,432.9,1259.0,701.8,1088.7,567.4,340.6,268.9
657,14,3,Car,True,0.35,917.6,432.7,1259.9,703.3,1088.8,568.0,342.3,270.5
658,14,3,Car,True,0.257,917.1,432.4,1260.4,704.0,1088.8,568.2,343.3,271.7
659,14,3,Car,True,0.276,917.0,432.5,1260.3,704.4,1088.6,568.4,343.4,271.9
660,14,3,Car,True,0.254,916.8,433.0,1260.0,705.0,1088.4,569.0,343.2,272.0
661,14,3,Car,True,0.284,916.3,433.5,1259.8,705.9,1088.1,569.7,343.6,272.4
662,14,3,Car,True,0.283,915.7,433.8,1260.0,706.9,1087.9,570.4,344.3,273.1
663,14,3,Car,True,0.316,914.5,433.7,1259.9,707.8,1087.2,570.8,345.5,274.1
664,14,3,Car,True,0.324,914.1,433.7,1260.1,708.4,1087.1,571.0,346.0,274.7
665,14,3,Car,True,0.331,913.6,433.5,1260.1,708.7,1086.8,571.1,346.6,275.2
666,14,3,Car,True,0.335,913.0,433.6,1260.1,709.3,1086.5,571.4,347.1,275.7
667,14,3,Car,True,0.353,912.2,433.2,1260.0,709.5,1086.1,571.3,347.8,276.4
668,14,3,Car,True,0.373,911.9,432.9,1260.4,710.1,1086.1,571.5,348.5,277.1
669,14,3,Car,True,0.414,911.6,432.5,1260.6,710.2,1086.1,571.4,349.0,277.7
670,14,3,Car,True,0.383,911.6,432.5,1260.2,710.0,1085.9,571.3,348.5,277.4
671,14,3,Car,True,0.372,912.0,432.7,1259.8,709.6,1085.9,571.1,347.7,276.9
672,14,3,Car,True,0.402,914.2,433.6,1257.9,707.0,1086.1,570.3,343.7,273.3
673,14,3,Car,True,0.314,916.5,434.7,1255.4,703.5,1086.0,569.1,338.9,268.8
677,14,3,Car,True,0.279,918.3,437.2,1252.6,700.9,1085.5,569.1,334.3,263.8
678,14,3,Car,True,0.295,917.9,437.3,1253.3,700.9,1085.6,569.1,335.4,263.6
680,14,3,Car,True,0.264,916.0,437.2,1253.2,700.9,1084.6,569.0,337.2,263.7
681,14,3,Car,True,0.329,914.7,435.3,1254.8,700.6,1084.8,567.9,340.1,265.3
682,14,3,Car,True,0.366,914.1,434.2,1255.6,700.1,1084.8,567.2,341.6,265.9
683,14,3,Car,True,0.353,913.6,432.8,1256.8,699.7,1085.2,566.3,343.1,266.9
684,14,3,Car,True,0.329,913.9,431.8,1257.8,699.2,1085.8,565.5,343.9,267.4
685,14,3,Car,True,0.254,914.6,431.0,1258.2,698.3,1086.4,564.7,343.6,267.3
690,14,3,Car,True,0.331,915.2,431.3,1259.9,699.8,1087.6,565.5,344.6,268.5
691,14,3,Car,True,0.301,915.8,431.9,1259.7,700.0,1087.8,565.9,343.9,268.1
692,14,3,Car,True,0.339,915.6,431.7,1260.0,700.5,1087.8,566.1,344.4,268.8
693,14,3,Car,True,0.309,915.3,431.5,1260.2,700.8,1087.7,566.1,344.8,269.3
694,14,3,Car,True,0.297,915.5,431.9,1259.8,700.9,1087.7,566.4,344.3,269.0
695,14,3,Car,True,0.316,915.5,432.2,1259.6,701.0,1087.6,566.6,344.0,268.8
696,14,3,Car,True,0.353,915.4,432.3,1259.4,701.2,1087.4,566.7,344.0,268.8
697,14,3,Car,True,0.364,915.7,432.3,1259.1,700.7,1087.4,566.5,343.5,268.4
698,14,3,Car,True,0.413,915.5,432.1,1258.9,700.5,1087.2,566.3,343.4,268.4
699,14,3,Car,True,0.385,915.2,431.9,1258.4,700.1,1086.8,566.0,343.2,268.2
700,14,3,Car,True,0.265,915.7,432.4,1257.4,699.4,1086.6,565.9,341.8,267.0
701,14,3,Car,True,0.304,915.2,432.1,1257.0,699.2,1086.1,565.6,341.8,267.1
702,14,3,Car,True,0.272,914.9,431.9,1256.2,698.7,1085.6,565.3,341.3,266.9
703,14,3,Car,True,0.297,915.8,432.0,1255.9,698.1,1085.8,565.1,340.1,266.1
704,14,3,Car,True,0.274,916.1,432.0,1255.5,697.8,1085.8,564.9,339.4,265.8
721,14,3,Car,True,0.257,913.4,437.2,1244.2,697.2,1078.8,567.2,330.9,260.0
722,14,3,Car,True,0.312,912.7,436.6,1243.8,698.0,1078.3,567.3,331.1,261.3
728,14,0,Auto-Rickshaw,True,0.29,904.9,432.1,1240.6,700.3,1072.8,566.2,335.7,268.2
729,14,3,Car,True,0.257,904.1,429.9,1238.5,699.5,1071.3,564.7,334.5,269.6
737,14,3,Car,True,0.281,906.9,431.1,1237.1,699.1,1072.0,565.1,330.2,268.0
738,14,3,Car,True,0.333,908.5,432.6,1235.6,699.4,1072.1,566.0,327.0,266.8
739,14,3,Car,True,0.374,909.8,433.9,1234.8,700.0,1072.3,567.0,325.0,266.1
740,14,0,Auto-Rickshaw,True,0.27,910.5,434.1,1233.6,699.5,1072.1,566.8,323.1,265.4
743,14,3,Car,True,0.293,907.1,430.0,1229.5,696.4,1068.3,563.2,322.5,266.4
744,14,3,Car,True,0.339,907.5,434.1,1226.5,698.4,1067.0,566.3,318.9,264.3
745,14,3,Car,True,0.377,908.8,436.3,1223.6,697.3,1066.2,566.8,314.8,261.0
746,14,3,Car,True,0.354,908.5,433.2,1223.2,694.4,1065.9,563.8,314.7,261.2
747,14,3,Car,True,0.485,909.6,437.4,1220.6,695.3,1065.1,566.4,311.0,257.9
748,14,3,Car,True,0.437,909.3,439.3,1219.5,696.3,1064.4,567.8,310.2,257.0
749,14,3,Car,True,0.45,908.2,439.2,1218.7,696.5,1063.5,567.8,310.4,257.3
749,19,3,Car,True,0.506,1491.9,394.4,1770.8,558.6,1631.3,476.5,278.9,164.2
750,14,3,Car,True,0.407,907.1,434.7,1218.5,693.2,1062.8,563.9,311.5,258.5
750,19,3,Car,True,0.474,1500.9,390.6,1789.1,560.2,1645.0,475.4,288.2,169.6
751,14,3,Car,True,0.51,907.7,433.5,1218.5,691.8,1063.1,562.7,310.8,258.3
751,19,3,Car,True,0.328,1521.3,394.3,1802.4,559.5,1661.8,476.9,281.1,165.3
752,14,3,Car,True,0.453,908.1,432.7,1217.5,690.2,1062.8,561.5,309.4,257.5
752,19,3,Car,True,0.473,1532.4,394.3,1817.6,561.9,1675.0,478.1,285.2,167.6
753,14,3,Car,True,0.471,908.6,434.6,1214.5,689.0,1061.5,561.8,305.9,254.4
754,14,3,Car,True,0.416,907.7,436.2,1211.8,689.0,1059.8,562.6,304.1,252.9
755,14,3,Car,True,0.364,907.1,437.0,1209.1,688.0,1058.1,562.5,302.0,251.0
756,14,3,Car,True,0.423,903.8,434.5,1208.2,687.9,1056.0,561.2,304.4,253.4
757,14,3,Car,True,0.318,904.1,435.2,1206.0,686.7,1055.1,560.9,302.0,251.5
758,14,3,Car,True,0.279,903.5,437.1,1203.6,687.1,1053.5,562.1,300.1,250.0
759,14,3,Car,True,0.258,902.5,437.1,1202.5,687.4,1052.5,562.2,300.0,250.3
760,14,3,Car,True,0.311,903.0,439.6,1201.4,689.0,1052.2,564.3,298.4,249.4
762,14,3,Car,True,0.29,902.6,442.2,1195.1,687.3,1048.8,564.8,292.5,245.0
765,14,3,Car,True,0.252,900.1,445.1,1189.8,688.7,1045.0,566.9,289.7,243.7
766,14,3,Car,True,0.362,898.3,445.7,1186.2,688.9,1042.2,567.3,287.8,243.2
771,14,0,Auto-Rickshaw,True,0.325,903.7,450.1,1175.9,680.1,1039.8,565.1,272.2,230.0
774,14,0,Auto-Rickshaw,True,0.332,903.6,451.6,1171.5,678.2,1037.5,564.9,268.0,226.6
775,14,0,Auto-Rickshaw,True,0.3,902.5,451.4,1171.8,679.7,1037.1,565.6,269.3,228.3
776,20,3,Car,True,0.403,692.1,483.0,816.5,602.6,754.3,542.8,124.4,119.5
777,20,3,Car,True,0.358,691.4,483.2,816.3,603.4,753.9,543.3,124.9,120.2
778,20,3,Car,True,0.309,691.5,483.3,816.4,603.6,754.0,543.5,124.9,120.4
778,14,3,Car,True,0.285,898.4,450.8,1168.2,680.3,1033.3,565.5,269.8,229.5
779,20,3,Car,True,0.305,691.8,483.6,815.5,603.0,753.7,543.3,123.7,119.4
780,20,3,Car,True,0.254,691.2,484.0,812.9,601.7,752.1,542.9,121.7,117.7
781,20,3,Car,True,0.287,690.0,483.9,811.8,602.1,750.9,543.0,121.8,118.1
782,20,3,Car,True,0.286,689.3,484.8,809.2,601.3,749.3,543.0,119.8,116.5
783,20,3,Car,True,0.383,688.7,484.6,807.5,600.5,748.1,542.5,118.9,115.8
784,20,3,Car,True,0.478,687.5,485.1,805.9,600.5,746.7,542.8,118.3,115.4
785,20,3,Car,True,0.422,686.5,485.6,805.5,602.0,746.0,543.8,119.0,116.4
798,20,3,Car,True,0.394,676.2,481.6,800.7,605.0,738.5,543.3,124.4,123.3
799,20,3,Car,True,0.438,676.2,481.5,800.4,605.9,738.3,543.7,124.2,124.5
800,20,3,Car,True,0.421,677.4,481.9,797.9,603.9,737.6,542.9,120.5,122.1
801,14,3,Car,True,0.345,890.6,455.9,1139.9,671.4,1015.2,563.6,249.4,215.6
802,20,3,Car,True,0.316,677.1,482.9,796.8,604.4,737.0,543.7,119.7,121.4
803,20,3,Car,True,0.317,677.5,483.0,797.5,605.3,737.5,544.2,120.1,122.3
804,20,3,Car,True,0.377,676.9,481.5,797.3,605.0,737.1,543.3,120.5,123.5
804,14,3,Car,True,0.361,883.0,452.0,1134.5,669.1,1008.7,560.6,251.5,217.1
805,20,3,Car,True,0.354,676.7,480.6,797.3,605.0,737.0,542.8,120.7,124.4
805,14,3,Car,True,0.396,879.4,449.7,1135.0,670.3,1007.2,560.0,255.6,220.6
806,20,3,Car,True,0.451,676.3,480.5,796.9,605.0,736.6,542.7,120.6,124.5
806,14,3,Car,True,0.305,880.9,451.2,1134.6,669.5,1007.8,560.4,253.7,218.3
807,20,3,Car,True,0.383,675.8,480.6,796.0,604.9,735.9,542.8,120.2,124.3
808,20,3,Car,True,0.492,676.2,481.6,796.4,605.6,736.3,543.6,120.2,124.0
809,20,3,Car,True,0.524,676.0,481.4,796.2,605.1,736.1,543.3,120.2,123.7
810,20,3,Car,True,0.353,677.5,480.7,796.7,603.6,737.1,542.2,119.2,122.8
812,20,3,Car,True,0.376,677.6,480.6,796.3,602.8,736.9,541.7,118.7,122.2
813,20,3,Car,True,0.409,677.9,480.7,795.9,602.0,736.9,541.4,118.0,121.3
814,20,3,Car,True,0.41,678.3,480.8,796.0,601.7,737.1,541.3,117.7,121.0
815,20,3,Car,True,0.384,679.6,481.1,796.5,601.4,738.1,541.3,116.9,120.3
815,14,3,Car,True,0.359,873.6,419.1,1158.5,670.7,1016.0,544.9,284.9,251.7
816,20,3,Car,True,0.309,683.5,483.0,798.2,600.6,740.8,541.8,114.7,117.6
816,14,3,Car,True,0.382,887.7,436.4,1150.3,667.7,1019.0,552.0,262.6,231.4
818,14,3,Car,True,0.361,894.1,444.6,1150.3,670.4,1022.2,557.5,256.2,225.8
819,14,3,Car,True,0.495,895.9,448.0,1149.6,671.1,1022.8,559.5,253.6,223.1
820,14,3,Car,True,0.408,897.6,449.4,1151.7,672.8,1024.7,561.1,254.1,223.4
821,14,3,Car,True,0.485,885.8,418.0,1169.2,672.7,1027.5,545.4,283.4,254.7
822,14,3,Car,True,0.404,872.1,386.3,1182.5,673.3,1027.3,529.8,310.4,287.0
823,14,3,Car,True,0.437,866.9,369.9,1188.6,675.1,1027.8,522.5,321.7,305.3
824,14,3,Car,True,0.394,874.5,370.1,1190.2,675.1,1032.4,522.6,315.6,304.9
828,20,0,Auto-Rickshaw,True,0.358,691.2,485.8,802.3,599.3,746.7,542.6,111.1,113.5
828,14,3,Car,True,0.284,888.0,382.7,1185.7,673.7,1036.9,528.2,297.7,291.0
829,14,3,Car,True,0.398,893.8,395.9,1176.3,672.9,1035.1,534.4,282.5,277.0
830,14,3,Car,True,0.403,891.2,385.8,1179.8,672.2,1035.5,529.0,288.7,286.4
830,20,0,Auto-Rickshaw,True,0.516,693.0,484.4,805.5,599.1,749.2,541.8,112.5,114.7
831,14,3,Car,True,0.594,881.2,363.2,1188.3,673.4,1034.7,518.3,307.1,310.2
831,20,0,Auto-Rickshaw,True,0.259,691.9,483.2,807.1,600.2,749.5,541.7,115.2,117.0
832,14,3,Car,True,0.637,884.4,363.7,1186.7,672.5,1035.5,518.1,302.3,308.8
833,14,3,Car,True,0.724,910.2,415.2,1164.7,670.2,1037.5,542.7,254.5,255.0
834,14,3,Car,True,0.515,894.4,376.2,1184.9,671.4,1039.7,523.8,290.5,295.2
835,14,3,Car,True,0.457,889.7,358.9,1190.2,668.8,1039.9,513.9,300.5,309.8
836,14,3,Car,True,0.479,887.5,349.1,1193.1,669.3,1040.3,509.2,305.6,320.1
837,14,3,Car,True,0.531,887.8,346.1,1191.5,668.7,1039.6,507.4,303.7,322.6
838,14,3,Car,True,0.605,896.6,359.9,1185.6,668.8,1041.1,514.3,288.9,308.9
839,14,3,Car,True,0.597,920.3,409.4,1166.1,667.2,1043.2,538.3,245.8,257.8
840,14,3,Car,True,0.656,904.4,375.2,1180.9,668.2,1042.6,521.7,276.5,293.0
841,14,3,Car,True,0.651,902.6,366.7,1185.1,668.8,1043.9,517.8,282.4,302.1
842,14,3,Car,True,0.629,901.3,354.0,1191.3,668.3,1046.3,511.1,289.9,314.3
843,14,3,Car,True,0.358,899.3,341.6,1198.8,670.0,1049.0,505.8,299.5,328.3
844,14,3,Car,True,0.523,896.8,337.6,1198.1,670.8,1047.5,504.2,301.3,333.2
845,14,3,Car,True,0.612,899.5,340.9,1194.8,669.9,1047.2,505.4,295.3,329.0
846,14,3,Car,True,0.648,926.4,405.8,1168.7,667.6,1047.5,536.7,242.3,261.8
846,20,3,Car,True,0.282,697.5,478.8,810.6,590.8,754.1,534.8,113.1,112.0
847,14,3,Car,True,0.459,921.5,399.6,1171.6,668.4,1046.6,534.0,250.2,268.8
847,22,3,Car,True,0.345,1159.8,312.8,1494.2,565.7,1327.0,439.3,334.4,252.9
848,14,3,Car,True,0.536,910.2,377.5,1181.3,670.1,1045.7,523.8,271.1,292.6
849,14,3,Car,True,0.684,930.2,422.9,1164.8,668.8,1047.5,545.9,234.6,245.9
849,22,2,Bus,True,0.353,1184.3,301.6,1534.8,566.4,1359.5,434.0,350.5,264.7
850,14,3,Car,True,0.701,938.7,441.9,1160.2,667.9,1049.4,554.9,221.5,226.0
850,22,2,Bus,True,0.526,1192.7,294.1,1554.1,566.8,1373.4,430.5,361.4,272.7
851,14,3,Car,True,0.669,939.7,446.9,1160.7,667.0,1050.2,556.9,221.0,220.1
851,22,2,Bus,True,0.476,1197.4,288.0,1571.0,569.8,1384.2,428.9,373.6,281.8
852,14,3,Car,True,0.658,938.4,449.0,1161.9,667.0,1050.2,558.0,223.5,218.0
853,14,3,Car,True,0.662,936.9,448.8,1165.4,667.9,1051.2,558.3,228.5,219.1
854,14,3,Car,True,0.586,937.6,448.9,1168.6,666.8,1053.1,557.8,231.0,217.9
855,14,3,Car,True,0.386,935.2,447.9,1169.9,666.3,1052.6,557.1,234.8,218.5
856,14,3,Car,True,0.39,931.3,444.2,1173.0,666.7,1052.2,555.4,241.7,222.5
856,20,3,Car,True,0.272,691.0,473.2,810.5,591.8,750.7,532.5,119.6,118.6
857,14,3,Car,True,0.46,931.6,445.7,1174.9,667.8,1053.3,556.8,243.3,222.0
857,22,2,Bus,True,0.336,1289.2,265.2,1712.3,583.9,1500.8,424.5,423.1,318.7
859,14,3,Car,True,0.322,932.5,447.7,1174.6,666.3,1053.6,557.0,242.1,218.6
860,14,3,Car,True,0.298,932.0,446.1,1177.2,665.7,1054.6,555.9,245.1,219.6
863,14,3,Car,True,0.259,927.8,440.2,1182.9,668.6,1055.3,554.4,255.1,228.4
864,14,3,Car,True,0.33,930.0,443.4,1182.1,668.1,1056.1,555.7,252.1,224.7
865,20,3,Car,True,0.308,689.0,471.9,818.1,597.8,753.5,534.9,129.1,125.9
876,14,3,Car,True,0.333,948.5,422.2,1220.2,665.7,1084.4,544.0,271.8,243.4
877,14,3,Car,True,0.288,949.9,420.7,1222.5,665.6,1086.2,543.2,272.6,244.8
881,20,0,Auto-Rickshaw,True,0.293,699.7,472.2,833.2,601.3,766.5,536.8,133.5,129.1
882,20,0,Auto-Rickshaw,True,0.27,700.9,471.8,837.1,601.6,769.0,536.7,136.2,129.8
895,20,3,Car,True,0.307,706.5,467.4,857.9,614.5,782.2,541.0,151.4,147.1
896,20,3,Car,True,0.302,706.7,466.6,857.5,615.1,782.1,540.9,150.8,148.4
898,14,3,Car,True,0.563,991.7,450.2,1234.5,662.9,1113.1,556.6,242.8,212.7
898,20,3,Car,True,0.544,708.1,463.2,860.6,614.4,784.3,538.8,152.6,151.2
899,14,3,Car,True,0.528,993.8,450.3,1241.2,663.0,1117.5,556.6,247.4,212.7
899,20,3,Car,True,0.532,710.1,462.6,861.3,613.0,785.7,537.8,151.2,150.4
900,14,3,Car,True,0.545,993.2,449.6,1244.4,662.3,1118.8,555.9,251.2,212.6
901,14,3,Car,True,0.609,992.1,447.7,1245.5,661.2,1118.8,554.5,253.5,213.5
902,14,3,Car,True,0.623,992.2,447.4,1246.4,659.8,1119.3,553.6,254.2,212.4
903,14,3,Car,True,0.264,989.8,446.1,1243.4,657.1,1116.6,551.6,253.6,210.9
904,14,3,Car,True,0.295,989.1,445.1,1241.1,653.9,1115.1,549.5,252.0,208.8
905,14,3,Car,True,0.521,989.5,444.9,1242.0,653.9,1115.7,549.4,252.5,208.9
905,29,3,Car,True,0.515,1252.0,330.5,1641.9,624.3,1446.9,477.4,389.9,293.8
906,14,3,Car,True,0.62,992.1,444.2,1249.1,656.8,1120.6,550.5,257.1,212.6
906,29,3,Car,True,0.667,1266.8,329.4,1661.7,626.7,1464.2,478.0,394.9,297.3
907,14,3,Car,True,0.737,994.6,443.8,1254.6,659.0,1124.6,551.4,260.0,215.2
907,29,3,Car,True,0.789,1282.9,327.2,1699.9,640.6,1491.4,483.9,416.9,313.4
908,14,3,Car,True,0.71,995.0,442.4,1259.6,661.6,1127.3,552.0,264.6,219.2
908,29,3,Car,True,0.724,1299.4,323.3,1734.5,649.7,1517.0,486.5,435.1,326.4
909,14,3,Car,True,0.695,996.6,443.6,1260.0,660.8,1128.3,552.2,263.4,217.2
909,29,3,Car,True,0.687,1317.0,317.3,1764.5,651.6,1540.7,484.5,447.5,334.3
910,14,3,Car,True,0.644,1000.4,444.8,1263.7,660.9,1132.0,552.9,263.3,216.1
910,29,3,Car,True,0.489,1325.4,310.9,1796.3,661.3,1560.9,486.1,470.9,350.4
911,14,3,Car,True,0.57,1003.5,445.6,1267.3,661.6,1135.4,553.6,263.8,216.0
913,14,3,Car,True,0.37,1009.2,445.0,1269.5,656.8,1139.4,550.9,260.3,211.7
914,14,3,Car,True,0.304,1010.7,445.1,1269.2,654.0,1139.9,549.5,258.5,209.0
914,29,3,Car,True,0.364,1367.0,278.2,1916.7,688.5,1641.9,483.3,549.8,410.3
915,29,3,Car,True,0.465,1371.9,269.2,1920.0,695.7,1645.9,482.4,548.1,426.5
917,14,3,Car,True,0.263,1006.8,441.8,1275.7,658.4,1141.2,550.1,268.9,216.6
918,14,3,Car,True,0.35,1006.3,442.1,1276.4,658.3,1141.4,550.2,270.1,216.2
919,14,3,Car,True,0.496,1003.7,442.6,1272.9,657.8,1138.3,550.2,269.1,215.2
920,14,3,Car,True,0.671,1001.5,441.1,1276.7,660.9,1139.1,551.0,275.2,219.8
921,14,3,Car,True,0.735,999.4,440.7,1274.7,660.3,1137.1,550.5,275.3,219.6
922,14,3,Car,True,0.577,1004.4,441.2,1276.3,657.4,1140.4,549.3,271.8,216.2
923,14,3,Car,True,0.51,1004.3,440.0,1275.9,655.8,1140.1,547.9,271.6,215.8
924,14,3,Car,True,0.451,1004.3,439.4,1275.3,654.2,1139.8,546.8,271.0,214.7
925,14,3,Car,True,0.437,1004.1,438.1,1276.3,654.0,1140.2,546.1,272.2,215.9
926,14,3,Car,True,0.454,1001.9,436.6,1274.4,653.6,1138.2,545.1,272.4,216.9
927,14,3,Car,True,0.675,1003.8,438.2,1273.5,653.9,1138.7,546.1,269.7,215.6
928,14,3,Car,True,0.646,1007.7,440.1,1275.0,654.6,1141.3,547.4,267.3,214.5
929,14,3,Car,True,0.541,1003.4,439.2,1272.5,655.5,1137.9,547.4,269.1,216.3
930,14,3,Car,True,0.45,1003.5,438.9,1272.1,653.4,1137.8,546.1,268.6,214.5
931,14,3,Car,True,0.384,1010.7,440.7,1278.3,652.8,1144.5,546.7,267.5,212.1
932,14,3,Car,True,0.267,1010.7,442.2,1278.9,653.3,1144.8,547.8,268.2,211.0
934,14,3,Car,True,0.31,1008.8,440.0,1283.6,655.0,1146.2,547.5,274.7,215.0
936,31,3,Car,True,0.496,1311.5,445.9,1489.2,596.1,1400.4,521.0,177.7,150.2
936,14,3,Car,True,0.397,1010.6,440.3,1288.9,657.0,1149.7,548.6,278.3,216.7
937,31,3,Car,True,0.619,1326.6,448.1,1503.8,597.7,1415.2,522.9,177.2,149.6
937,32,3,Car,True,0.615,680.7,461.7,839.4,610.6,760.1,536.2,158.6,148.9
937,14,3,Car,True,0.651,1010.0,440.3,1292.1,659.2,1151.1,549.7,282.1,218.9
938,31,3,Car,True,0.668,1342.9,443.8,1532.8,603.8,1437.9,523.8,189.9,160.0
938,14,3,Car,True,0.583,1008.7,440.1,1294.5,661.2,1151.6,550.7,285.8,221.1
939,31,3,Car,True,0.678,1356.0,442.2,1551.4,606.1,1453.7,524.2,195.4,163.9
939,14,3,Car,True,0.681,1007.7,439.5,1295.3,661.3,1151.5,550.4,287.6,221.8
939,32,3,Car,True,0.392,683.2,457.9,840.4,605.6,761.8,531.8,157.2,147.7
940,31,3,Car,True,0.747,1363.6,440.2,1569.3,611.6,1466.4,525.9,205.7,171.5
940,14,3,Car,True,0.712,1009.3,440.5,1296.8,661.7,1153.0,551.1,287.5,221.2
940,32,3,Car,True,0.575,682.5,457.2,837.5,603.0,760.0,530.1,155.0,145.8
941,31,3,Car,True,0.718,1372.6,439.2,1587.0,616.7,1479.8,527.9,214.4,177.6
941,14,3,Car,True,0.681,1011.6,441.6,1298.9,662.3,1155.3,552.0,287.3,220.8
941,32,3,Car,True,0.502,680.9,457.8,836.6,604.7,758.7,531.3,155.7,146.8
942,31,3,Car,True,0.747,1377.7,437.7,1609.6,628.8,1493.7,533.3,231.9,191.1
942,14,3,Car,True,0.673,1010.2,441.3,1301.4,665.2,1155.8,553.3,291.2,223.9
942,32,3,Car,True,0.43,678.1,457.9,834.8,605.8,756.4,531.8,156.7,147.8
943,31,3,Car,True,0.746,1392.3,434.7,1634.6,633.3,1513.4,534.0,242.4,198.6
943,14,3,Car,True,0.682,1008.1,441.5,1300.8,666.4,1154.4,554.0,292.7,224.9
944,31,3,Car,True,0.768,1398.6,431.5,1652.6,638.9,1525.6,535.2,254.1,207.4
944,14,3,Car,True,0.755,1006.3,441.3,1300.3,667.3,1153.3,554.3,294.0,226.0
945,31,3,Car,True,0.759,1415.5,431.5,1674.5,640.6,1545.0,536.1,258.9,209.1
945,14,3,Car,True,0.754,1005.9,442.1,1298.5,666.9,1152.2,554.5,292.6,224.9
946,31,3,Car,True,0.785,1435.6,431.3,1699.0,642.4,1567.3,536.8,263.4,211.1
946,14,3,Car,True,0.762,1004.2,442.3,1297.7,667.5,1150.9,554.9,293.4,225.2
947,31,3,Car,True,0.758,1453.1,431.2,1730.6,651.7,1591.9,541.5,277.5,220.5
947,14,3,Car,True,0.743,1004.0,442.7,1295.7,666.0,1149.8,554.3,291.7,223.3
948,31,3,Car,True,0.787,1472.6,428.7,1756.7,652.1,1614.7,540.4,284.1,223.3
948,14,3,Car,True,0.727,1001.5,442.7,1292.4,665.0,1147.0,553.8,290.9,222.2
949,31,3,Car,True,0.756,1497.9,427.3,1779.1,645.7,1638.5,536.5,281.1,218.4
949,14,3,Car,True,0.709,1001.1,442.8,1291.4,664.2,1146.2,553.5,290.3,221.4
950,31,3,Car,True,0.727,1517.8,423.8,1811.4,647.9,1664.6,535.8,293.6,224.2
950,14,3,Car,True,0.725,993.1,442.2,1286.7,665.2,1139.9,553.7,293.5,223.0
951,31,3,Car,True,0.678,1527.3,421.9,1827.2,649.7,1677.2,535.8,299.9,227.8
951,14,3,Car,True,0.736,997.6,443.4,1288.9,664.5,1143.3,553.9,291.2,221.1
952,31,3,Car,True,0.311,1535.9,419.0,1846.2,655.2,1691.1,537.1,310.3,236.2
952,14,3,Car,True,0.751,991.8,443.8,1285.7,665.8,1138.7,554.8,293.9,222.0
953,14,3,Car,True,0.733,992.1,442.9,1286.2,665.7,1139.2,554.3,294.1,222.7
953,32,3,Car,True,0.44,641.9,457.4,795.9,604.5,718.9,531.0,154.0,147.1
954,14,3,Car,True,0.759,981.5,442.8,1276.8,664.9,1129.1,553.8,295.3,222.2
954,32,3,Car,True,0.407,640.6,458.4,792.9,604.6,716.7,531.5,152.3,146.1
955,14,3,Car,True,0.75,976.8,443.9,1272.7,665.1,1124.8,554.5,295.9,221.2
956,14,3,Car,True,0.761,971.5,443.7,1272.7,668.2,1122.1,555.9,301.2,224.5
957,14,3,Car,True,0.768,968.8,443.6,1272.3,668.5,1120.5,556.1,303.5,224.9
958,14,3,Car,True,0.794,967.8,443.1,1273.4,669.2,1120.6,556.1,305.7,226.1
959,14,3,Car,True,0.773,965.7,444.3,1271.3,669.7,1118.5,557.0,305.6,225.5
959,32,3,Car,True,0.387,619.1,455.8,782.1,613.0,700.6,534.4,163.0,157.1
960,14,3,Car,True,0.767,966.3,446.2,1270.4,669.8,1118.4,558.0,304.1,223.6
961,14,3,Car,True,0.781,963.9,445.4,1266.9,667.4,1115.4,556.4,303.0,222.0
962,14,3,Car,True,0.776,963.7,445.5,1267.9,668.0,1115.8,556.7,304.2,222.5
963,14,3,Car,True,0.775,962.2,445.4,1266.8,667.6,1114.5,556.5,304.5,222.2
964,14,3,Car,True,0.766,959.7,444.8,1263.8,666.5,1111.8,555.7,304.1,221.7
965,14,3,Car,True,0.76,957.5,445.5,1262.5,667.4,1110.0,556.5,304.9,221.9
965,32,3,Car,True,0.356,603.1,465.7,751.1,606.5,677.1,536.1,148.1,140.8
966,14,3,Car,True,0.732,954.8,445.9,1260.4,667.9,1107.6,556.9,305.6,221.9
967,14,3,Car,True,0.733,952.9,446.5,1257.9,667.4,1105.4,556.9,305.0,220.9
968,14,3,Car,True,0.705,953.8,448.7,1258.8,669.3,1106.3,559.0,305.1,220.6
968,32,3,Car,True,0.25,603.7,476.1,738.2,603.0,670.9,539.5,134.5,127.0
969,14,3,Car,True,0.725,951.7,447.9,1258.5,669.0,1105.1,558.4,306.8,221.1
969,32,3,Car,True,0.559,596.2,475.3,733.7,605.8,665.0,540.6,137.6,130.5
970,14,3,Car,True,0.736,948.6,450.0,1255.8,670.6,1102.2,560.3,307.2,220.6
970,32,3,Car,True,0.436,592.9,477.4,728.8,606.4,660.8,541.9,136.0,129.1
971,14,3,Car,True,0.732,947.0,450.4,1255.4,670.9,1101.2,560.6,308.4,220.6
971,32,3,Car,True,0.512,590.3,477.9,726.0,606.4,658.2,542.2,135.8,128.5
972,14,3,Car,True,0.75,940.2,450.8,1249.7,670.7,1095.0,560.7,309.5,220.0
972,32,3,Car,True,0.5,583.8,478.5,721.6,607.1,652.7,542.8,137.9,128.5
973,14,3,Car,True,0.723,939.1,452.5,1246.1,669.6,1092.6,561.1,306.9,217.1
973,32,3,Car,True,0.523,579.5,479.5,720.4,609.4,650.0,544.4,140.9,129.9
974,14,3,Car,True,0.754,932.0,453.0,1241.3,670.6,1086.6,561.8,309.3,217.6
974,32,3,Car,True,0.368,575.8,481.0,717.3,610.2,646.5,545.6,141.5,129.2
975,14,3,Car,True,0.753,928.6,453.1,1240.1,671.0,1084.4,562.0,311.4,217.9
976,14,3,Car,True,0.717,926.8,454.1,1239.1,672.0,1083.0,563.1,312.3,218.0
977,14,3,Car,True,0.705,914.8,453.1,1229.3,673.2,1072.0,563.1,314.6,220.1
978,14,3,Car,True,0.575,916.1,453.6,1225.7,670.6,1070.9,562.1,309.7,217.0
979,14,3,Car,True,0.588,916.2,453.4,1226.6,670.5,1071.4,561.9,310.4,217.1
980,14,3,Car,True,0.651,909.6,453.1,1223.0,672.0,1066.3,562.5,313.4,218.9
981,14,3,Car,True,0.667,907.1,453.5,1216.2,669.6,1061.6,561.6,309.1,216.1
982,14,3,Car,True,0.701,908.1,456.0,1211.5,668.8,1059.8,562.4,303.4,212.8
983,14,3,Car,True,0.648,903.2,456.8,1209.0,672.3,1056.1,564.5,305.9,215.5
984,14,3,Car,True,0.595,900.7,456.4,1202.4,669.6,1051.5,563.0,301.7,213.2
985,14,3,Car,True,0.652,896.6,456.6,1197.1,668.2,1046.8,562.4,300.5,211.6
986,14,3,Car,True,0.716,890.3,454.0,1193.5,665.8,1041.9,559.9,303.2,211.9
987,14,3,Car,True,0.738,886.9,451.5,1192.2,663.2,1039.6,557.3,305.4,211.7
988,14,3,Car,True,0.743,886.0,449.9,1192.0,660.0,1039.0,555.0,306.1,210.0
989,14,3,Car,True,0.756,879.7,447.9,1189.0,658.1,1034.4,553.0,309.4,210.2
990,14,3,Car,True,0.74,877.7,447.1,1187.3,655.8,1032.5,551.5,309.6,208.7
